material,T,state,emax_eV,ratio_0p0253,ratio_mean_logE,ratio_min,ratio_max,rms_rel_dev,ncrystal_0p0253,njoy_inel_0p0253,njoy_el_0p0253
ethanol_liquid,200.0,liquid,10.0,1.0016159452965185,1.0560595651593334,0.99559796774351,1.4397307888783455,0.11845067100597262,37.73320231255122,37.67232675335336,
ethanol_liquid,300.0,liquid,10.0,0.9999190899474395,0.9994378240747237,0.9938358137060007,1.0016712158964032,0.0015012391692433738,37.69663185743361,37.69967515290839,
benzene_liquid,200.0,liquid,10.0,1.0006644401650469,1.0302790963040442,0.9960923794092494,1.2627216241891752,0.06591110618053703,31.31454521535937,31.29375280798503,
benzene_liquid,250.0,liquid,10.0,0.9999883495542122,0.9998023040956683,0.9958537384946383,1.0033561822297221,0.0013794813958601627,31.311295818381264,31.311661561334695,
benzene_liquid,300.0,liquid,10.0,0.9999299831479815,0.9992976815829892,0.9944032532356746,1.0008893597278274,0.0014697549363735412,31.382770748275725,31.384965464441947,
benzene_liquid,350.0,liquid,10.0,0.9999817724173794,0.9993845770009672,0.9941786834150498,1.0011885920869992,0.0013899800370514252,31.519001084979454,31.519576283625582,
benzene_liquid,400.0,liquid,10.0,0.9999121024924482,0.9994134221007257,0.9926023668714362,1.001377400388047,0.00148470686969993,31.686468845321166,31.689249998780344,
benzene_liquid,450.0,liquid,10.0,0.9999652372139851,0.999448647788166,0.9945503983325095,1.0016123289333343,0.0014090588110818706,31.89507799732233,31.896189174246363,
benzene_liquid,500.0,liquid,10.0,0.9999570937925936,0.9994474845516544,0.9945277001128185,1.0016879189352186,0.0014056547002028368,32.131632276963316,32.13301301550018,
benzene_liquid,600.0,liquid,10.0,0.9998668821837231,0.9993752716233993,0.9939446282498842,1.001666455040888,0.001513977991307165,32.65719972902813,32.66154520536138,
benzene_liquid,700.0,liquid,10.0,0.9998639882620333,0.9995104461437683,0.9946433985361786,1.0024545591804033,0.0013794631568140741,33.2894994903908,33.29402677027185,
benzene_liquid,800.0,liquid,10.0,0.9999279753983096,0.9994180057929214,0.9927321899366123,1.0018860422264004,0.0014573637438216086,33.96512216926267,33.967570904441914,
benzene_liquid,900.0,liquid,10.0,0.999923056720009,0.9994444307611919,0.9933748929959925,1.0020070074615994,0.0014234581149510863,34.61507646924449,34.6177428158264,
benzene_liquid,1000.0,liquid,10.0,0.9998469268933567,0.9996010234597756,0.9933505332418759,1.0030222936654425,0.0014148655128176728,35.326488547460336,35.33189290323107,
toluene_liquid,200.0,liquid,10.0,1.000176867248682,1.0066067700296832,0.9958351037642201,1.0615012463641451,0.015124796817595487,31.96169343784618,31.956042592436496,
toluene_liquid,250.0,liquid,10.0,0.9999485140853239,0.999579841626552,0.995703944715604,1.002201513460494,0.0013474898424897463,32.04434408693492,32.04599461630365,
toluene_liquid,300.0,liquid,10.0,0.9998943679122982,0.9993359654406113,0.9942513917632758,1.0011333383453564,0.0014853149241644632,32.1563158591993,32.15970887071777,
mesitylene_liquid,200.0,liquid,10.0,1.0003990776413034,1.0118588847623957,0.9956079264442391,1.1013025458713537,0.025616495269820752,32.749684101538556,32.73662098712261,
mesitylene_liquid,250.0,liquid,10.0,0.9998828919896224,1.000134472724964,0.9946781625659642,1.0054117962778728,0.0018652006811879283,32.82697032060797,32.83081273399413,
mesitylene_liquid,300.0,liquid,10.0,0.9998371972694605,0.9993896149370151,0.9940632950137559,1.001492989494795,0.0014942833046185213,33.010893333099546,33.01626262319582,
m-xylene_liquid,200.0,liquid,10.0,1.000097130791058,1.0034182970487533,0.9957381445851662,1.0331267682612257,0.00828935233980125,32.40845966370655,32.405313605628756,
m-xylene_liquid,250.0,liquid,10.0,0.9998967262997946,0.9996636699587758,0.9947306406859914,1.0028757188350277,0.0014230727045540538,32.50711246852872,32.51046802313845,
m-xylene_liquid,300.0,liquid,10.0,0.9998648472533518,0.9993461118805287,0.9941453968860495,1.0012794647909247,0.0014954450863869765,32.66032173897033,32.66473154417926,
methane_liquid,110.0,liquid,10.0,0.999970017639437,0.9992657772248456,0.9938241019472566,1.001173461234306,0.0016804575506986297,37.25799996766625,37.259116798548035,
triphenylmethane_liquid,450.0,liquid,10.0,0.9999837905074379,0.9994213974092969,0.9944709182141945,1.001441525607083,0.0014057423974664965,29.840983460444978,29.841469770229264,
water_liquid,270.0,liquid,10.0,1.0000678482500596,0.999602984977474,0.9946866781815079,1.0022871268531666,0.0014536886559163066,36.330027827267884,36.32755778410068,
water_liquid,280.0,liquid,10.0,1.000052087733223,0.9993651781925024,0.9910301735276628,1.0012773353629465,0.0016049769144837812,36.18617819145968,36.18428606952136,
water_liquid,290.0,liquid,10.0,1.0001121595291609,0.9993086846231592,0.9907768199429559,1.0009183039064686,0.0016228322012923147,36.08023343019762,36.076184255962524,
water_liquid,293.6,liquid,10.0,1.0001217807584286,0.9992907975103436,0.9916269739856703,1.000853355656619,0.001648303595043731,36.04356502736187,36.03917509287041,
water_liquid,296.0,liquid,10.0,1.0001341709325402,0.999296151936366,0.9920361733909764,1.0008222486761693,0.0016118082224493581,36.02003342877712,36.015201534347035,
water_liquid,300.0,liquid,10.0,1.0001275612530083,0.999311878363025,0.9925907136329386,1.0008443991606053,0.001576850395959677,35.98093284146244,35.9763460505839,
water_liquid,310.0,liquid,10.0,1.0000592437372822,0.9993075970105538,0.9936818734793331,1.0009600442307907,0.0015917099393557106,35.88169120383362,35.87957183655497,
water_liquid,320.0,liquid,10.0,1.0001314057806814,0.9993298544884127,0.993830365529151,1.0010843074091624,0.0015788415402722125,35.79607455088258,35.79137467715252,
water_liquid,330.0,liquid,10.0,1.0000840317642348,0.99932528738878,0.9907598975634558,1.0010824574434405,0.0016441311512895471,35.72623259005405,35.72323743212853,
water_liquid,340.0,liquid,10.0,1.0000836398090214,0.9993582761105309,0.9924252198148587,1.0011954297964594,0.001585276441965724,35.66094755588821,35.657972816136436,
water_liquid,350.0,liquid,10.0,0.9999932072907765,0.9993631742114908,0.9922297124990814,1.0013505302124468,0.001608757770003918,35.601948856788354,35.602188272659205,
water_liquid,360.0,liquid,10.0,0.9999827186658704,0.9993840688268031,0.9931292795996463,1.0014068839482198,0.0015943978723777835,35.55117744956682,35.551778240012915,
water_liquid,370.0,liquid,10.0,1.000029324090585,0.9993924317213553,0.9943286807219098,1.001394962048314,0.0016077251676614374,35.511665343315315,35.51061523762349,
water_liquid,380.0,liquid,10.0,0.9999966059632772,0.9994658232716566,0.9916349493169752,1.001575933717204,0.001475261987686365,35.48512564557228,35.485238092455354,
water_liquid,390.0,liquid,10.0,0.9999901511971394,0.9994775179799436,0.9926718289037892,1.0015339263398966,0.0014802101327567126,35.446138094084525,35.446471226770974,
water_liquid,400.0,liquid,10.0,1.0000704194881618,0.9994674737928744,0.9939557363608078,1.0015906685543772,0.0015389434118805664,35.42437931865472,35.42187688092955,
water_liquid,410.0,liquid,10.0,1.0001398205905814,0.9994858150512332,0.9946189892210768,1.0016950781434395,0.0014630744136051262,35.40528862202696,35.40033559397931,
water_liquid,420.0,liquid,10.0,1.000174984516914,0.9995264601013945,0.9946937889670873,1.0017401294449029,0.0014130471744029174,35.411347841225464,35.40515412734527,
water_liquid,430.0,liquid,10.0,1.0001860462133307,0.9995084301437162,0.994565993235343,1.001680691485189,0.0014376122305954965,35.39724713289595,35.39066964605148,
water_liquid,440.0,liquid,10.0,1.0001154990520857,0.9995130150635858,0.9946005851199622,1.0017228714465165,0.0014468706172650898,35.402089718454974,35.398010277966115,
water_liquid,450.0,liquid,10.0,1.000105459838654,0.9995231530719941,0.9942749432361867,1.00180080484468,0.0014451543914667743,35.41554759492784,35.41182211004102,
water_liquid,460.0,liquid,10.0,0.9999284416905853,0.9995136265531464,0.9929040752859802,1.001869022047158,0.0014789289641014885,35.426718562434075,35.42925405758976,
water_liquid,470.0,liquid,10.0,1.000132940480394,0.9995285174994248,0.9946006525612474,1.0018531617726698,0.0014097728497817691,35.432391377471006,35.42768261834812,
water_liquid,480.0,liquid,10.0,1.0000956497843225,0.9995459774595594,0.9945392956831154,1.0017867579942186,0.0013789245593451508,35.441652537301955,35.43826245945902,
water_liquid,490.0,liquid,10.0,1.0000263218155505,0.9995163784947401,0.9918026845136484,1.0017805246164588,0.0015398487924172168,35.47996130619294,35.4790348815752,
water_liquid,500.0,liquid,10.0,1.000082250836775,0.9995270843076384,0.9945647377799978,1.0018702080803454,0.0014377855034582833,35.5113411255938,35.508425317169134,
water_liquid,510.0,liquid,10.0,0.9999449010937231,0.9995142241974492,0.9946051075601022,1.0018854202528547,0.0014490891161176571,35.541473553486725,35.543433177474995,
water_liquid,520.0,liquid,10.0,1.0000195265388245,0.9995022198503939,0.9938674707371296,1.0017776845799669,0.0014637388695601006,35.57194285241454,35.57125064102685,
water_liquid,530.0,liquid,10.0,1.0000177710954004,0.9994771743044599,0.9921454433975312,1.0017621527671363,0.0015289972492606259,35.6096360167084,35.60900112828907,
water_liquid,540.0,liquid,10.0,0.9999896125305936,0.999484540370364,0.9923322438766375,1.0017551033271646,0.0014834372102819275,35.64715705433993,35.647524013001366,
water_liquid,550.0,liquid,10.0,0.9998398216288031,0.9995015111594601,0.9945043693069675,1.0017980159970583,0.0013583682711415088,35.662106379132965,35.66780809526745,
water_liquid,560.0,liquid,10.0,0.9998038164775311,0.9995032452340724,0.9944538779477409,1.0017865852520635,0.0013677804758964731,35.719250207194506,35.72625597792547,
water_liquid,570.0,liquid,10.0,0.9997758959919986,0.9994718814077018,0.9940476313395877,1.0018207475848926,0.0014359833534823721,35.7720582309085,35.78007951803864,
water_liquid,580.0,liquid,10.0,0.9998476788244425,0.9994668932206417,0.9932623049818047,1.0019519818447409,0.001456828146484545,35.82329062146739,35.82873904543369,
water_liquid,590.0,liquid,10.0,0.9999038474554984,0.9995204584154636,0.9938197905875005,1.002422249807105,0.0014202987095997127,35.86983552445601,35.87328329223443,
water_liquid,600.0,liquid,10.0,0.9999199589435949,0.9994374510397425,0.9940867895441162,1.0016175375390135,0.0014846178240436913,35.907952149016126,35.91083160166565,
water_liquid,610.0,liquid,10.0,0.9999030840648635,0.9995228114031505,0.9936412393985761,1.0022013627999373,0.0015328413510113648,35.98894508393449,35.99243706707986,
water_liquid,620.0,liquid,10.0,0.9999266864252172,0.9993663687345213,0.9930708679633179,1.0012070818092507,0.0016003201355969993,36.03150626298865,36.034149455389574,
water_liquid,630.0,liquid,10.0,0.9998000744535531,0.9992018560096885,0.9918211721960664,1.0007676450773524,0.0017773869725783073,36.06781922463679,36.07502598829256,
water_liquid,640.0,liquid,10.0,0.9998909955317495,0.9991175369980245,0.99111822759342,1.0008353610710756,0.0019780687329144487,36.102159308352654,36.10609745615592,
water_liquid,650.0,liquid,10.0,0.9997426190641416,0.9988893959189864,0.9897513346764338,1.0002669127582942,0.002255586929109196,36.13411907158134,36.143421248462104,
water_liquid,660.0,liquid,10.0,0.999861447250141,0.9987273469532107,0.9888424740815447,1.0002666689407098,0.0024773181868468956,36.155894948851454,36.160904468330926,
water_liquid,670.0,liquid,10.0,0.999779708618434,0.9987049034373103,0.9888871533433029,1.000499683665361,0.0025027227712555097,36.08654078937687,36.09448475289797,
water_liquid,680.0,liquid,10.0,0.9998367768103932,0.9987013631513313,0.9896512092343784,1.0002586892854903,0.0023605280059816798,35.9722323744229,35.97810213201574,
water_liquid,690.0,liquid,10.0,0.9997694773203246,0.9988573851624643,0.9907622221153675,1.0002569505896586,0.0020561365429543122,35.93403914900022,35.94231947514134,
water_liquid,700.0,liquid,10.0,0.9997492349456577,0.9989476903094525,0.9914520136004858,1.0002463909931945,0.0019143254284333222,35.97559967930849,35.984620160577755,
water_liquid,710.0,liquid,10.0,0.999854952631161,0.9990128849149039,0.9919444444257559,1.0002473721957472,0.0018243759561238251,36.02167820712088,36.02690498908663,
water_liquid,720.0,liquid,10.0,0.9997064786260523,0.9990719804011812,0.9923580605211056,1.0002298677959205,0.0017471908055205635,36.0916702279331,36.10226882475056,
water_liquid,730.0,liquid,10.0,0.9998546728028391,0.9991369480233593,0.9926940128177937,1.0002241880925442,0.0016536086780249463,36.15706284930682,36.16231635345753,
water_liquid,740.0,liquid,10.0,0.9998843474795917,0.9991489085542534,0.9914541455917135,1.0002392180878477,0.001661947203910406,36.2442628403967,36.248455762074705,
water_liquid,750.0,liquid,10.0,0.9998602835795934,0.9991770701363275,0.9929560296914522,1.000374981685948,0.001610993692197557,36.34553571369972,36.35061540366597,
water_liquid,760.0,liquid,10.0,0.9997119884380754,0.9991954872147033,0.9931774128311835,1.000486694906737,0.0015885857495952433,36.46156047686632,36.472065051338625,
water_liquid,770.0,liquid,10.0,0.9997753230503781,0.9991985138702931,0.9928733841604807,1.0006304134010249,0.0016080706690426282,36.55868721327323,36.56689553140358,
water_liquid,780.0,liquid,10.0,0.9997733885804919,0.9992227107816986,0.9933830819762166,1.0006655137014484,0.0015574251202344581,36.676615739436215,36.68492404185764,
water_liquid,790.0,liquid,10.0,0.9998656996451657,0.9992429878921804,0.9934766402887513,1.00074750012106,0.001524289460771281,36.77262636722277,36.77756658884553,
water_liquid,800.0,liquid,10.0,0.9997902233033845,0.9992493657968091,0.9935484013930344,1.0008132905643237,0.0015271666023793577,36.86925368797487,36.8769813127479,
heavywater_liquid,283.6,liquid,10.0,0.9994392555488707,0.999611549896922,0.9959024311758538,1.0025669300152855,0.0012041910336150787,4.669261334372631,4.671881328485837,
heavywater_liquid,293.6,liquid,10.0,0.9994555686258803,0.9995739454056091,0.995706832444509,1.002454656932925,0.0011965950967322652,4.676054836376385,4.678602276190915,
heavywater_liquid,325.0,liquid,10.0,0.9994063574045889,0.9995585981276431,0.995433070534404,1.0022305096999038,0.0011600174257325234,4.695554201985342,4.6983435596534,
heavywater_liquid,350.0,liquid,10.0,0.9995505335351872,0.9995685597520718,0.9952660412553992,1.002216182818739,0.001154708699946299,4.7188767461375845,4.72099926104007,
heavywater_liquid,375.0,liquid,10.0,0.9995698404103495,0.9995545009975139,0.9951898077745913,1.0022268832728631,0.001167991086832205,4.743874864463776,4.745917127324221,
heavywater_liquid,400.0,liquid,10.0,0.9995245768355246,0.9995611324120337,0.995095114214569,1.0021432677686877,0.0011551429132531164,4.771833028950824,4.774103090114686,
heavywater_liquid,425.0,liquid,10.0,0.9995791722022214,0.9995656460526171,0.9950401667697804,1.0021555232767079,0.001150177899046816,4.8067525909335505,4.808777295023549,
heavywater_liquid,450.0,liquid,10.0,0.9995811175645672,0.9995680582805859,0.9950274115005185,1.0021408007816717,0.0011470240598770982,4.846493224917163,4.848525204537701,
heavywater_liquid,475.0,liquid,10.0,0.9993557047342396,0.9995705389719474,0.9949513370960253,1.0021674780479455,0.0011449580892577969,4.884501633821902,4.887650400261671,
heavywater_liquid,500.0,liquid,10.0,0.9995921084614631,0.9995745177556351,0.9949173739463586,1.0021537922133796,0.0011403309265687021,4.933753320998002,4.935766879362473,
heavywater_liquid,525.0,liquid,10.0,0.9995705716736594,0.999574395517932,0.9948946162033212,1.0021524495417933,0.0011426801526091494,4.973701340890395,4.975838735344866,
heavywater_liquid,550.0,liquid,10.0,0.9996012918750965,0.9995770042057963,0.9948596388378389,1.0021121584486552,0.0011280420802769356,5.034074345526531,5.036082652056807,
heavywater_liquid,575.0,liquid,10.0,0.9996099829506521,0.9995868510183477,0.9949005449219849,1.0020628403466099,0.0011087803146309105,5.09836699090827,5.100356791609147,
heavywater_liquid,600.0,liquid,10.0,0.9995674970120179,0.9995917945482338,0.9949831743661407,1.002038326771502,0.0010968101716075378,5.169034472603811,5.171271764717381,
