# NJOY2016 thermr (iinc=2, no coherent elastic) inelastic scattering cross section from JENDL-5 TSL ENDF-6 files
# material triphenylmethane_liquid, T = 450 K, per-atom average over the molecule; components: H:tsl_H(C19H16)_0614.dat(x16), C:tsl_C(C19H16)_0644.dat(x19)
# energies above the evaluation's E_max (10 eV) are omitted. Columns: neutron energy [eV], xs [barn/atom]
E_eV,njoy_inelastic_xs_barn_per_atom
1.02214884e-05,3.10850003e+02
1.04478825e-05,3.08151562e+02
1.06792910e-05,3.05442649e+02
1.09158249e-05,3.02733388e+02
1.11575978e-05,3.00034905e+02
1.14047256e-05,2.97332293e+02
1.16573271e-05,2.94628430e+02
1.19155233e-05,2.91926073e+02
1.21794384e-05,2.89230201e+02
1.24491988e-05,2.86550656e+02
1.27249341e-05,2.83877836e+02
1.30067767e-05,2.81214035e+02
1.32948617e-05,2.78561497e+02
1.35893274e-05,2.75922286e+02
1.38903153e-05,2.73315674e+02
1.41979697e-05,2.70713354e+02
1.45124382e-05,2.68119427e+02
1.48338719e-05,2.65554985e+02
1.51624250e-05,2.63007413e+02
1.54982551e-05,2.60480434e+02
1.58415235e-05,2.57990042e+02
1.61923948e-05,2.55499870e+02
1.65510376e-05,2.53075624e+02
1.69176239e-05,2.50637469e+02
1.72923296e-05,2.48270405e+02
1.76753347e-05,2.45912988e+02
1.80668229e-05,2.43578509e+02
1.84669820e-05,2.41305643e+02
1.88760043e-05,2.39041121e+02
1.92940859e-05,2.36815934e+02
1.97214275e-05,2.34641257e+02
2.01582343e-05,2.32494551e+02
2.06047158e-05,2.30394436e+02
2.10610863e-05,2.28292080e+02
2.15275650e-05,2.26265021e+02
2.20043756e-05,2.24234138e+02
2.24917470e-05,2.22271019e+02
2.29899131e-05,2.20314020e+02
2.34991130e-05,2.18405333e+02
2.40195911e-05,2.16520211e+02
2.45515972e-05,2.14655962e+02
2.50953866e-05,2.12780903e+02
2.56512203e-05,2.10877947e+02
2.62193651e-05,2.09000044e+02
2.68000936e-05,2.07123394e+02
2.73936846e-05,2.05268428e+02
2.80004229e-05,2.03456529e+02
2.86205998e-05,2.01651399e+02
2.92545129e-05,1.99876133e+02
2.99024665e-05,1.98138094e+02
3.05647714e-05,1.96413303e+02
3.12417457e-05,1.94706582e+02
3.19337141e-05,1.93046820e+02
3.26410088e-05,1.91403166e+02
3.33639693e-05,1.89777790e+02
3.41029426e-05,1.88172138e+02
3.48582832e-05,1.86599513e+02
3.56303537e-05,1.84983233e+02
3.64195247e-05,1.83369046e+02
3.72261750e-05,1.81772802e+02
3.80506916e-05,1.80195807e+02
3.88934703e-05,1.78639152e+02
3.97549155e-05,1.77103707e+02
4.06354408e-05,1.75590349e+02
4.15354687e-05,1.74127981e+02
4.24554312e-05,1.72633223e+02
4.33957697e-05,1.71209068e+02
4.43569357e-05,1.69758645e+02
4.53393904e-05,1.68375814e+02
4.63436053e-05,1.66972859e+02
4.73700624e-05,1.65624300e+02
4.84192544e-05,1.64269733e+02
4.94916847e-05,1.62947742e+02
5.05878681e-05,1.61600543e+02
5.17083307e-05,1.60235349e+02
5.28536103e-05,1.58896244e+02
5.40242565e-05,1.57575428e+02
5.52208311e-05,1.56266928e+02
5.64439085e-05,1.54972644e+02
5.76940756e-05,1.53699369e+02
5.89719325e-05,1.52449229e+02
6.02780924e-05,1.51214240e+02
6.16131822e-05,1.49995248e+02
6.29778428e-05,1.48792787e+02
6.43727289e-05,1.47607102e+02
6.57985102e-05,1.46438154e+02
6.72558709e-05,1.45285577e+02
6.87455105e-05,1.44149064e+02
7.02681438e-05,1.43020223e+02
7.18245017e-05,1.41866480e+02
7.34153311e-05,1.40743539e+02
7.50413956e-05,1.39599461e+02
7.67034755e-05,1.38502306e+02
7.84023685e-05,1.37392145e+02
8.01388900e-05,1.36316569e+02
8.19138735e-05,1.35241763e+02
8.37281708e-05,1.34185225e+02
8.55826527e-05,1.33145903e+02
8.74782092e-05,1.32105797e+02
8.94157501e-05,1.31100906e+02
9.13962053e-05,1.30095592e+02
9.34205252e-05,1.29101922e+02
9.54896815e-05,1.28129208e+02
9.76046672e-05,1.27159432e+02
9.97664974e-05,1.26199548e+02
1.01976210e-04,1.25238804e+02
1.04234864e-04,1.24281263e+02
1.06543546e-04,1.23331245e+02
1.08903362e-04,1.22398320e+02
1.11315445e-04,1.21478151e+02
1.13780953e-04,1.20566400e+02
1.16301069e-04,1.19663864e+02
1.18877003e-04,1.18771070e+02
1.21509991e-04,1.17892962e+02
1.24201296e-04,1.17025047e+02
1.26952211e-04,1.16160351e+02
1.29764055e-04,1.15300173e+02
1.32638178e-04,1.14447599e+02
1.35575960e-04,1.13604386e+02
1.38578810e-04,1.12775560e+02
1.41648170e-04,1.11956034e+02
1.44785513e-04,1.11136079e+02
1.47992344e-04,1.10334731e+02
1.51270203e-04,1.09535023e+02
1.54620663e-04,1.08748925e+02
1.58045331e-04,1.07968229e+02
1.61545852e-04,1.07191403e+02
1.65123905e-04,1.06426396e+02
1.68781208e-04,1.05655588e+02
1.72519516e-04,1.04910006e+02
1.76340623e-04,1.04161923e+02
1.80246364e-04,1.03423773e+02
1.84238612e-04,1.02697899e+02
1.88319283e-04,1.01972935e+02
1.92490337e-04,1.01261048e+02
1.96753775e-04,1.00557360e+02
2.01111643e-04,9.98569851e+01
2.05566032e-04,9.91668483e+01
2.10119081e-04,9.84688280e+01
2.14772975e-04,9.77940794e+01
2.19529948e-04,9.71113654e+01
2.24392281e-04,9.64499069e+01
2.29362310e-04,9.57837457e+01
2.34442419e-04,9.51335054e+01
2.39635047e-04,9.44842521e+01
2.44942686e-04,9.38431454e+01
2.50367882e-04,9.32097712e+01
2.55913240e-04,9.25747706e+01
2.61581422e-04,9.19555564e+01
2.67375147e-04,9.13341756e+01
2.73297196e-04,9.07217529e+01
2.79350412e-04,9.01176714e+01
2.85537700e-04,8.95143390e+01
2.91862029e-04,8.89213400e+01
2.98326434e-04,8.83336965e+01
3.04934019e-04,8.77477580e+01
3.11687954e-04,8.71676139e+01
3.18591480e-04,8.65969447e+01
3.25647912e-04,8.60295291e+01
3.32860636e-04,8.54660799e+01
3.40233113e-04,8.49082894e+01
3.47768882e-04,8.43592142e+01
3.55471559e-04,8.38127726e+01
3.63344842e-04,8.32701999e+01
3.71392509e-04,8.27324120e+01
3.79618422e-04,8.21996378e+01
3.88026530e-04,8.16720303e+01
3.96620868e-04,8.11501989e+01
4.05405560e-04,8.06341343e+01
4.14384823e-04,8.01296307e+01
4.23562966e-04,7.96163364e+01
4.32944395e-04,7.91176252e+01
4.42533611e-04,7.86126664e+01
4.52335217e-04,7.81232424e+01
4.62353918e-04,7.76268478e+01
4.72594521e-04,7.71479018e+01
4.83061942e-04,7.66633820e+01
4.93761203e-04,7.61906573e+01
5.04697441e-04,7.57168277e+01
5.15875905e-04,7.52456467e+01
5.27301958e-04,7.47831528e+01
5.38981084e-04,7.43232996e+01
5.50918890e-04,7.38663063e+01
5.63121105e-04,7.34127031e+01
5.75593584e-04,7.29662567e+01
5.88342315e-04,7.25237747e+01
6.01373415e-04,7.20846618e+01
6.14693138e-04,7.16486443e+01
6.28307879e-04,7.12154518e+01
6.42224169e-04,7.07856168e+01
6.56448690e-04,7.03597355e+01
6.70988267e-04,6.99387910e+01
6.85849879e-04,6.95216828e+01
7.01040659e-04,6.91139328e+01
7.16567896e-04,6.86993618e+01
7.32439044e-04,6.82973636e+01
7.48661720e-04,6.78900063e+01
7.65243709e-04,6.74942819e+01
7.82192969e-04,6.70928819e+01
7.99517636e-04,6.67040307e+01
8.17226025e-04,6.63121845e+01
8.35326634e-04,6.59274322e+01
8.53828150e-04,6.55449849e+01
8.72739453e-04,6.51633162e+01
8.92069620e-04,6.47893996e+01
9.11827927e-04,6.44145035e+01
9.32023859e-04,6.40445785e+01
9.52667106e-04,6.36792438e+01
9.73767578e-04,6.33144502e+01
9.95335400e-04,6.29544041e+01
1.01738093e-03,6.25983057e+01
1.03991473e-03,6.22432041e+01
1.06294764e-03,6.18897010e+01
1.08649070e-03,6.15427958e+01
1.11055520e-03,6.11980681e+01
1.13515271e-03,6.08556002e+01
1.16029503e-03,6.05156768e+01
1.18599422e-03,6.01792689e+01
1.21226262e-03,5.98472256e+01
1.23911283e-03,5.95170049e+01
1.26655774e-03,5.91888844e+01
1.29461053e-03,5.88633324e+01
1.32328465e-03,5.85406521e+01
1.35259387e-03,5.82208924e+01
1.38255225e-03,5.79053234e+01
1.41317418e-03,5.75941307e+01
1.44447435e-03,5.72802510e+01
1.47646778e-03,5.69744124e+01
1.50916983e-03,5.66665043e+01
1.54259619e-03,5.63641167e+01
1.57676291e-03,5.60620887e+01
1.61168638e-03,5.57634373e+01
1.64738336e-03,5.54682720e+01
1.68387100e-03,5.51727101e+01
1.72116679e-03,5.48843598e+01
1.75928863e-03,5.45945804e+01
1.79825484e-03,5.43093026e+01
1.83808410e-03,5.40262874e+01
1.87879553e-03,5.37430914e+01
1.92040867e-03,5.34655899e+01
1.96294349e-03,5.31893901e+01
2.00642042e-03,5.29142891e+01
2.05086030e-03,5.26455293e+01
2.09628448e-03,5.23720405e+01
2.14271475e-03,5.21082115e+01
2.19017340e-03,5.18394139e+01
2.23868320e-03,5.15796437e+01
2.28826743e-03,5.13161595e+01
2.33894990e-03,5.10594855e+01
2.39075493e-03,5.08013613e+01
2.44370738e-03,5.05474248e+01
2.49783266e-03,5.02949999e+01
2.55315676e-03,5.00432652e+01
2.60970622e-03,4.97963387e+01
2.66750819e-03,4.95483257e+01
2.72659040e-03,4.93044625e+01
2.78698122e-03,4.90622002e+01
2.84870962e-03,4.88199642e+01
2.91180523e-03,4.85824404e+01
2.97629834e-03,4.83457862e+01
3.04221990e-03,4.81096237e+01
3.10960154e-03,4.78763373e+01
3.17847561e-03,4.76452834e+01
3.24887516e-03,4.74151718e+01
3.32083398e-03,4.71862687e+01
3.39438660e-03,4.69601035e+01
3.46956833e-03,4.67360064e+01
3.54641524e-03,4.65129975e+01
3.62496422e-03,4.62912650e+01
3.70525298e-03,4.60710162e+01
3.78732004e-03,4.58523161e+01
3.87120478e-03,4.56355124e+01
3.95694748e-03,4.54205797e+01
4.04458928e-03,4.52069850e+01
4.13417224e-03,4.49971212e+01
4.22573936e-03,4.47845355e+01
4.31933459e-03,4.45763103e+01
4.41500284e-03,4.43667166e+01
4.51279003e-03,4.41612991e+01
4.61274310e-03,4.39540252e+01
4.71491001e-03,4.37517128e+01
4.81933979e-03,4.35469112e+01
4.92608258e-03,4.33472068e+01
5.03518960e-03,4.31458893e+01
5.14671321e-03,4.29461463e+01
5.26070694e-03,4.27491022e+01
5.37722550e-03,4.25524742e+01
5.49632480e-03,4.23564858e+01
5.61806203e-03,4.21616811e+01
5.74249558e-03,4.19689769e+01
5.86968520e-03,4.17769786e+01
5.99969192e-03,4.15858073e+01
6.13257814e-03,4.13955448e+01
6.26840763e-03,4.12062432e+01
6.40724559e-03,4.10179296e+01
6.54915865e-03,4.08308616e+01
6.69421492e-03,4.06448768e+01
6.84248402e-03,4.04596399e+01
6.99403711e-03,4.02772738e+01
7.14894692e-03,4.00925709e+01
7.30728780e-03,3.99110996e+01
7.46913575e-03,3.97280179e+01
7.63456845e-03,3.95483891e+01
7.80366528e-03,3.93665419e+01
7.97650742e-03,3.91889475e+01
8.15317781e-03,3.90091552e+01
8.33376124e-03,3.88322740e+01
8.51834439e-03,3.86548606e+01
8.70701584e-03,3.84779582e+01
8.89986614e-03,3.83028695e+01
9.09698786e-03,3.81267840e+01
9.29847559e-03,3.79525858e+01
9.50442604e-03,3.77787138e+01
9.71493805e-03,3.76043387e+01
9.93011266e-03,3.74316880e+01
1.01500531e-02,3.72593433e+01
1.03748651e-02,3.70867398e+01
1.06046563e-02,3.69145526e+01
1.08395371e-02,3.67436174e+01
1.10796203e-02,3.65725088e+01
1.13250210e-02,3.64013666e+01
1.15758571e-02,3.62302932e+01
1.18322489e-02,3.60598871e+01
1.20943195e-02,3.58897121e+01
1.23621947e-02,3.57193439e+01
1.26360029e-02,3.55488731e+01
1.29158758e-02,3.53783010e+01
1.32019474e-02,3.52075377e+01
1.34943553e-02,3.50366664e+01
1.37932396e-02,3.48657250e+01
1.40987438e-02,3.46956088e+01
1.44110147e-02,3.45224785e+01
1.47302019e-02,3.43514242e+01
1.50564588e-02,3.41776226e+01
1.53899419e-02,3.40050582e+01
1.57308113e-02,3.38304441e+01
1.60792305e-02,3.36559872e+01
1.64353668e-02,3.34804809e+01
1.67993911e-02,3.33037377e+01
1.71714782e-02,3.31272158e+01
1.75518065e-02,3.29485291e+01
1.79405587e-02,3.27702064e+01
1.83379212e-02,3.25904478e+01
1.87440849e-02,3.24089336e+01
1.91592447e-02,3.22280169e+01
1.95835997e-02,3.20453783e+01
2.00173537e-02,3.18612153e+01
2.04607149e-02,3.16773126e+01
2.09138960e-02,3.14918109e+01
2.13771145e-02,3.13047319e+01
2.18505928e-02,3.11175535e+01
2.23345581e-02,3.09293377e+01
2.28292427e-02,3.07398229e+01
2.33348839e-02,3.05492042e+01
2.38517246e-02,3.03584672e+01
2.43800126e-02,3.01669039e+01
2.49200016e-02,2.99743401e+01
2.54719507e-02,2.97813454e+01
2.60361249e-02,2.95881381e+01
2.66127949e-02,2.93926309e+01
2.72022374e-02,2.91983214e+01
2.78047354e-02,2.90019970e+01
2.84205781e-02,2.88064756e+01
2.90500609e-02,2.86097814e+01
2.96934861e-02,2.84128880e+01
3.03511624e-02,2.82161467e+01
3.10234054e-02,2.80176974e+01
3.17105379e-02,2.78210657e+01
3.24128895e-02,2.76223049e+01
3.31307974e-02,2.74242603e+01
3.38646062e-02,2.72257356e+01
3.46146679e-02,2.70256860e+01
3.53813427e-02,2.68263571e+01
3.61649984e-02,2.66265398e+01
3.69660112e-02,2.64260018e+01
3.77847654e-02,2.62247383e+01
3.86216542e-02,2.60228122e+01
3.94770790e-02,2.58201594e+01
4.03514506e-02,2.56168218e+01
4.12451884e-02,2.54132515e+01
4.21587215e-02,2.52090122e+01
4.30924883e-02,2.50059791e+01
4.40469369e-02,2.47993221e+01
4.50225255e-02,2.45949632e+01
4.60197222e-02,2.43876624e+01
4.70390057e-02,2.41830636e+01
4.80808651e-02,2.39751212e+01
4.91458005e-02,2.37707748e+01
5.02343230e-02,2.35635212e+01
5.13469550e-02,2.33577088e+01
5.24842305e-02,2.31525022e+01
5.36466953e-02,2.29467628e+01
5.48349074e-02,2.27409739e+01
5.60494370e-02,2.25360323e+01
5.72908671e-02,2.23315793e+01
5.85597933e-02,2.21272483e+01
5.98568249e-02,2.19229916e+01
6.11825841e-02,2.17188812e+01
6.25377074e-02,2.15152316e+01
6.39228451e-02,2.13124595e+01
6.53386620e-02,2.11102967e+01
6.67858376e-02,2.09088643e+01
6.82650664e-02,2.07082152e+01
6.97770585e-02,2.05105250e+01
7.13225394e-02,2.03112730e+01
7.29022509e-02,2.01154427e+01
7.45169512e-02,1.99197650e+01
7.61674153e-02,1.97285361e+01
7.78544352e-02,1.95371124e+01
7.95788207e-02,1.93521975e+01
8.13413993e-02,1.91661915e+01
8.31430169e-02,1.89885366e+01
8.49845383e-02,1.88112312e+01
8.68668473e-02,1.86392197e+01
8.87908472e-02,1.84721879e+01
9.07574615e-02,1.83068407e+01
9.27676341e-02,1.81503790e+01
9.48223296e-02,1.79973509e+01
9.69225342e-02,1.78478865e+01
9.90692559e-02,1.77081196e+01
1.01263525e-01,1.75728931e+01
1.03506395e-01,1.74425659e+01
1.05798941e-01,1.73200513e+01
1.08142265e-01,1.72048191e+01
1.10537491e-01,1.70949443e+01
1.12985768e-01,1.69906748e+01
1.15488272e-01,1.68927899e+01
1.18046203e-01,1.68013827e+01
1.20660790e-01,1.67145580e+01
1.23333286e-01,1.66317984e+01
1.26064976e-01,1.65526634e+01
1.28857169e-01,1.64766767e+01
1.31711205e-01,1.64030877e+01
1.34628456e-01,1.63316179e+01
1.37610320e-01,1.62618460e+01
1.40658229e-01,1.61951624e+01
1.43773646e-01,1.61270397e+01
1.46958065e-01,1.60624541e+01
1.50213016e-01,1.59967322e+01
1.53540060e-01,1.59338493e+01
1.56940794e-01,1.58702755e+01
1.60416851e-01,1.58081078e+01
1.63969898e-01,1.57460983e+01
1.67601641e-01,1.56849391e+01
1.71313823e-01,1.56247751e+01
1.75108226e-01,1.55644469e+01
1.78986670e-01,1.55060068e+01
1.82951017e-01,1.54470486e+01
1.87003170e-01,1.53878405e+01
1.91145073e-01,1.53285784e+01
1.95378715e-01,1.52683301e+01
1.99706127e-01,1.52069947e+01
2.04129386e-01,1.51433459e+01
2.08650615e-01,1.50782180e+01
2.13271984e-01,1.50122726e+01
2.17995711e-01,1.49449753e+01
2.22824064e-01,1.48775900e+01
2.27759358e-01,1.48089512e+01
2.32803964e-01,1.47410388e+01
2.37960302e-01,1.46720875e+01
2.43230846e-01,1.46045720e+01
2.48618128e-01,1.45367843e+01
2.54124731e-01,1.44701299e+01
2.59753299e-01,1.44044921e+01
2.65506533e-01,1.43389578e+01
2.71387195e-01,1.42759518e+01
2.77398107e-01,1.42132255e+01
2.83542153e-01,1.41515616e+01
2.89822283e-01,1.40918043e+01
2.96241510e-01,1.40326053e+01
3.02802916e-01,1.39743342e+01
3.09509650e-01,1.39180494e+01
3.16364930e-01,1.38626316e+01
3.23372046e-01,1.38082546e+01
3.30534362e-01,1.37554847e+01
3.37855314e-01,1.37048848e+01
3.45338418e-01,1.36558714e+01
3.52987263e-01,1.36086700e+01
3.60805522e-01,1.35634719e+01
3.68796946e-01,1.35203414e+01
3.76965370e-01,1.34794942e+01
3.85314716e-01,1.34403547e+01
3.93848990e-01,1.34028295e+01
4.02572289e-01,1.33665979e+01
4.11488798e-01,1.33315943e+01
4.20602798e-01,1.32966999e+01
4.29918662e-01,1.32622508e+01
4.39440862e-01,1.32281519e+01
4.49173967e-01,1.31944444e+01
4.59122650e-01,1.31609393e+01
4.69291684e-01,1.31296487e+01
4.79685950e-01,1.30991778e+01
4.90310438e-01,1.30680454e+01
5.01170246e-01,1.30370322e+01
5.12270585e-01,1.30121764e+01
5.23616785e-01,1.29867700e+01
5.35214289e-01,1.29620970e+01
5.47068665e-01,1.29394597e+01
5.59185602e-01,1.29163285e+01
5.71570914e-01,1.28939125e+01
5.84230547e-01,1.28714955e+01
5.97170576e-01,1.28492305e+01
6.10397212e-01,1.28282773e+01
6.23916802e-01,1.28068600e+01
6.37735836e-01,1.27881989e+01
6.51860945e-01,1.27694132e+01
6.66298909e-01,1.27502651e+01
6.81056657e-01,1.27306929e+01
6.96141272e-01,1.27127129e+01
7.11559994e-01,1.26958786e+01
7.27320223e-01,1.26786743e+01
7.43429522e-01,1.26611062e+01
7.59895624e-01,1.26447797e+01
7.76726431e-01,1.26291983e+01
7.93930021e-01,1.26132718e+01
8.11514650e-01,1.25969960e+01
8.29488758e-01,1.25826118e+01
8.47860972e-01,1.25680425e+01
8.66640110e-01,1.25532166e+01
8.85835183e-01,1.25392789e+01
9.05455405e-01,1.25259932e+01
9.25510192e-01,1.25124355e+01
9.46009170e-01,1.24993032e+01
9.66962176e-01,1.24869181e+01
9.88379266e-01,1.24742569e+01
1.01027072e+00,1.24620862e+01
1.03264705e+00,1.24505376e+01
1.05551898e+00,1.24387332e+01
1.07889750e+00,1.24277444e+01
1.10279383e+00,1.24169809e+01
1.12721943e+00,1.24061043e+01
1.15218604e+00,1.23962681e+01
1.17770562e+00,1.23862141e+01
1.20379044e+00,1.23766522e+01
1.23045300e+00,1.23673180e+01
1.25770611e+00,1.23581634e+01
1.28556284e+00,1.23498081e+01
1.31403656e+00,1.23412677e+01
1.34314095e+00,1.23325381e+01
1.37288996e+00,1.23236152e+01
1.40329788e+00,1.23159798e+01
1.43437930e+00,1.23082884e+01
1.46614914e+00,1.23004266e+01
1.49862265e+00,1.22923907e+01
1.53181540e+00,1.22854444e+01
1.56574333e+00,1.22784003e+01
1.60042273e+00,1.22712003e+01
1.63587024e+00,1.22641758e+01
1.67210287e+00,1.22577703e+01
1.70913801e+00,1.22512229e+01
1.74699343e+00,1.22445305e+01
1.78568731e+00,1.22385620e+01
1.82523822e+00,1.22325365e+01
1.86566513e+00,1.22263775e+01
1.90698744e+00,1.22206920e+01
1.94922501e+00,1.22150626e+01
1.99239808e+00,1.22093084e+01
2.03652739e+00,1.22041449e+01
2.08163411e+00,1.21990198e+01
2.12773989e+00,1.21937822e+01
2.17486686e+00,1.21884443e+01
2.22303764e+00,1.21836719e+01
2.27227534e+00,1.21790456e+01
2.32260361e+00,1.21743213e+01
2.37404658e+00,1.21694923e+01
2.42662896e+00,1.21651870e+01
2.48037598e+00,1.21607983e+01
2.53531343e+00,1.21563103e+01
2.59146768e+00,1.21520310e+01
2.64886569e+00,1.21479537e+01
2.70753499e+00,1.21437861e+01
2.76750375e+00,1.21396838e+01
2.82880075e+00,1.21358816e+01
2.89145540e+00,1.21319951e+01
2.95549779e+00,1.21281384e+01
3.02095864e+00,1.21245014e+01
3.08786937e+00,1.21207884e+01
3.15626209e+00,1.21171342e+01
3.22616964e+00,1.21135702e+01
3.29762555e+00,1.21099281e+01
3.37066413e+00,1.21064779e+01
3.44532044e+00,1.21030224e+01
3.52163029e+00,1.20996322e+01
3.59963032e+00,1.20965332e+01
3.67935795e+00,1.20933655e+01
3.76085146e+00,1.20901291e+01
3.84414996e+00,1.20868302e+01
3.92929343e+00,1.20838408e+01
4.01632272e+00,1.20810078e+01
4.10527961e+00,1.20781137e+01
4.19620679e+00,1.20751556e+01
4.28914791e+00,1.20723212e+01
4.38414756e+00,1.20696898e+01
4.48125134e+00,1.20670002e+01
4.58050586e+00,1.20642540e+01
4.68195876e+00,1.20616740e+01
4.78565871e+00,1.20592193e+01
4.89165550e+00,1.20567133e+01
5.00000000e+00,1.20541519e+01
