material,T,grid,ratio_0p0253,ratio_1e5eV,ratio_mean,ratio_min,ratio_max,rms_rel_dev
ethanol_liquid,200.0,original,1.0016159452965185,1.4397307888783455,1.0560595651593334,0.99559796774351,1.4397307888783455,0.11845067100597262
ethanol_liquid,200.0,refined_grid,1.0001253036034623,1.009078048330823,1.000870686913152,0.995486630829975,1.0126528670264487,0.0034070153377101743
benzene_liquid,200.0,original,1.0006644401650469,1.2627216241891752,1.0302790963040442,0.9960923794092494,1.2627216241891752,0.06591110618053703
benzene_liquid,200.0,refined_grid,0.9999653864688733,0.9915723312716489,0.9980051080561583,0.9874081793977977,1.000023826961426,0.003207839777957346
toluene_liquid,200.0,original,1.000176867248682,1.0615012463641451,1.0066067700296832,0.9958351037642201,1.0615012463641451,0.015124796817595487
toluene_liquid,200.0,refined_grid,0.9999584562579735,0.986830570070687,0.9978782282712783,0.9841877237144966,1.0000410164105706,0.0037283319978371494
mesitylene_liquid,200.0,original,1.0003990776413034,1.1013025458713537,1.0118588847623957,0.9956079264442391,1.1013025458713537,0.025616495269820752
mesitylene_liquid,200.0,refined_grid,0.9999750607277287,0.9900922832103216,0.9981717864302064,0.9864524853657786,1.0001799243653537,0.0031825415089124054
m-xylene_liquid,200.0,original,1.000097130791058,1.0331267682612257,1.0034182970487533,0.9957381445851662,1.0331267682612257,0.00828935233980125
m-xylene_liquid,200.0,refined_grid,0.9999522896780519,0.9887761158356586,0.9981806758939201,0.9861757944133681,1.0000743349014725,0.003178065815459424
